customer_id,purchase_history,tenure,total_spent,CLV
C1000,39,37,1111.72,3427.8
C1001,29,36,8556.68,25670.04
C1002,15,24,5317.54,10635.08
C1003,43,31,8276.62,21381.27
C1004,8,6,3053.91,1526.96
C1005,21,2,8415.48,1402.58
C1006,39,20,7750.95,12918.25
C1007,19,28,2377.53,5547.57
C1008,23,11,1400.22,1283.54
C1009,11,4,8693.74,2897.91
C1010,11,15,9636.04,12045.05
C1011,24,6,409.89,204.94
C1012,36,54,7339.57,33028.06
C1013,40,49,9104.29,37175.85
C1014,24,30,8587.86,21469.65
C1015,3,56,9648.75,45027.5
C1016,22,38,7624.93,24145.61
C1017,2,51,4478.76,19034.73
C1018,24,57,3188.32,15144.52
C1019,44,2,3275.35,545.89
C1020,30,15,7271.78,9089.72
C1021,38,11,7483.79,6860.14
C1022,2,8,2083.56,1389.04
C1023,21,26,8694.42,18837.91
C1024,33,51,7177.75,30505.44
C1025,12,45,5671.23,21267.11
C1026,22,44,4768.17,17483.29
C1027,44,5,5478.0,2282.5
C1028,25,6,1676.53,838.26
C1029,49,26,2116.64,4586.05
C1030,27,54,1002.53,4511.38
C1031,42,4,1621.21,540.4
C1032,28,19,4591.57,7269.99
C1033,16,20,5350.51,8917.52
C1034,15,33,276.83,761.28
C1035,47,20,7988.3,13313.83
C1036,44,49,3012.26,12300.06
C1037,3,12,9127.18,9127.18
C1038,37,47,9678.36,37906.91
C1039,7,1,1936.04,161.34
C1040,21,26,4674.76,10128.65
C1041,9,14,112.2,130.9
C1042,39,38,6023.44,19074.23
C1043,18,37,6112.33,18846.35
C1044,4,11,2550.65,2338.1
C1045,25,36,5628.29,16884.87
C1046,14,13,2332.85,2527.25
C1047,9,43,1692.17,6063.61
C1048,26,3,6550.04,1637.51
C1049,2,33,3326.66,9148.31
C1050,20,6,5943.61,2971.8
C1051,28,50,4389.14,18288.08
C1052,47,56,9845.08,45943.71
C1053,7,10,1580.85,1317.38
C1054,44,5,4699.53,1958.14
C1055,8,23,6836.52,13103.33
C1056,47,10,4015.9,3346.58
C1057,35,44,9749.53,35748.28
C1058,14,2,7246.69,1207.78
C1059,17,13,6604.14,7154.48
C1060,36,40,7594.89,25316.3
C1061,40,2,9531.22,1588.54
C1062,4,20,9087.4,15145.67
C1063,2,1,7270.42,605.87
C1064,6,37,7516.7,23176.49
C1065,42,9,1544.63,1158.47
C1066,4,17,1117.64,1583.32
C1067,29,9,5751.95,4313.96
C1068,18,11,281.84,258.35
C1069,26,15,4875.33,6094.16
C1070,44,24,2182.46,4364.92
C1071,34,38,3525.56,11164.27
C1072,10,55,7780.47,35660.49
C1073,36,35,9418.25,27469.9
C1074,14,30,816.92,2042.3
C1075,31,31,5389.0,13921.58
C1076,48,49,8837.08,36084.74
C1077,15,5,916.83,382.01
C1078,8,44,8262.69,30296.53
C1079,14,50,3642.23,15175.96
C1080,23,14,3288.74,3836.86
C1081,40,53,9776.92,43181.4
C1082,21,56,2088.5,9746.33
C1083,16,11,6962.62,6382.4
C1084,45,9,8232.26,6174.2
C1085,18,34,507.72,1438.54
C1086,47,12,6736.82,6736.82
C1087,24,35,9520.34,27767.66
C1088,26,35,1329.78,3878.52
C1089,25,1,8972.59,747.72
C1090,45,40,5988.29,19960.97
C1091,41,22,6204.39,11374.72
C1092,29,29,6168.15,14906.36
C1093,15,8,3058.48,2038.99
C1094,45,11,9358.5,8578.62
C1095,1,41,9478.77,32385.8
C1096,25,37,6290.52,19395.77
C1097,7,14,7855.88,9165.19
C1098,9,30,6161.35,15403.38
C1099,24,35,4895.54,14278.66
C1100,1,21,6642.12,11623.71
C1101,44,37,5574.71,17188.69
C1102,8,5,6015.01,2506.25
C1103,24,19,7859.94,12444.9
C1104,11,59,4860.95,23899.67
C1105,17,14,503.47,587.38
C1106,8,26,1723.59,3734.44
C1107,35,4,4442.21,1480.74
C1108,35,25,7275.78,15157.88
C1109,33,45,5973.46,22400.48
C1110,5,42,6537.91,22882.68
C1111,42,25,4844.86,10093.46
C1112,39,18,6195.85,9293.78
C1113,41,40,3357.27,11190.9
C1114,28,8,4754.81,3169.87
C1115,7,39,7468.36,24272.17
C1116,9,40,8731.14,29103.8
C1117,8,14,4393.19,5125.39
C1118,12,32,532.25,1419.33
C1119,34,51,1700.56,7227.38
C1120,33,38,306.53,970.68
C1121,48,33,6567.3,18060.08
C1122,23,23,3389.91,6497.33
C1123,24,15,5470.54,6838.18
C1124,37,33,4983.44,13704.46
C1125,35,25,907.11,1889.81
C1126,44,17,4092.29,5797.41
C1127,40,33,2283.56,6279.79
C1128,22,47,4242.16,16615.13
C1129,27,55,2115.42,9695.67
C1130,35,2,8420.48,1403.41
C1131,1,14,1824.51,2128.6
C1132,35,53,9611.73,42451.81
C1133,37,40,4217.48,14058.27
C1134,47,40,8477.83,28259.43
C1135,14,51,6324.77,26880.27
C1136,3,39,7379.97,23984.9
C1137,1,51,7700.47,32727.0
C1138,5,6,5097.96,2548.98
C1139,26,6,5478.68,2739.34
C1140,14,3,5188.56,1297.14
C1141,39,7,5921.78,3454.37
C1142,27,51,391.01,1661.79
C1143,9,8,4015.6,2677.07
C1144,15,42,6101.27,21354.44
C1145,15,52,6017.46,26075.66
C1146,26,15,7950.27,9937.84
C1147,42,47,6584.59,25789.64
C1148,13,29,9922.12,23978.46
C1149,32,33,2910.16,8002.94
C1150,39,52,3655.6,15840.93
C1151,49,30,3900.09,9750.22
C1152,32,39,4711.55,15312.54
C1153,4,27,8376.38,18846.86
C1154,30,36,2434.34,7303.02
C1155,37,29,7782.4,18807.47
C1156,23,38,4112.57,13023.14
C1157,39,57,6058.37,28777.26
C1158,45,33,6362.15,17495.91
C1159,15,37,3791.2,11689.53
C1160,43,27,5174.89,11643.5
C1161,29,55,4189.01,19199.63
C1162,36,33,784.41,2157.13
C1163,13,4,4427.94,1475.98
C1164,32,22,1064.19,1951.02
C1165,7,2,4109.71,684.95
C1166,22,10,5969.89,4974.91
C1167,28,5,5836.21,2431.75
C1168,2,59,6659.95,32744.75
C1169,42,10,1043.09,869.24
C1170,45,33,6556.02,18029.06
C1171,6,54,3190.27,14356.22
C1172,28,38,4050.55,12826.74
C1173,28,13,8594.06,9310.23
C1174,44,31,189.4,489.28
C1175,44,47,5925.29,23207.39
C1176,20,36,6027.27,18081.81
C1177,30,45,4026.93,15100.99
C1178,11,24,2446.58,4893.16
C1179,28,52,2423.27,10500.84
C1180,25,56,8848.73,41294.07
C1181,39,15,4476.04,5595.05
C1182,33,29,3375.8,8158.18
C1183,1,8,4542.9,3028.6
C1184,27,5,6726.96,2802.9
C1185,13,29,1542.99,3728.89
C1186,41,47,4549.39,17818.44
C1187,3,4,5920.06,1973.35
C1188,39,12,9490.98,9490.98
C1189,6,45,2600.03,9750.11
C1190,8,2,3656.58,609.43
C1191,27,27,3855.65,8675.21
C1192,9,31,6094.83,15744.98
C1193,37,51,3631.65,15434.51
C1194,33,51,5381.77,22872.52
C1195,42,36,7839.72,23519.16
C1196,44,36,7083.32,21249.96
C1197,24,26,4519.05,9791.28
C1198,15,43,8655.74,31016.4
C1199,32,27,5625.59,12657.58
C1200,32,5,5445.07,2268.78
C1201,24,20,438.46,730.77
C1202,41,11,9868.26,9045.91
C1203,49,10,1317.41,1097.84
C1204,49,40,2388.2,7960.67
C1205,12,38,611.8,1937.37
C1206,39,6,6436.03,3218.02
C1207,2,8,2324.54,1549.69
C1208,3,23,1882.1,3607.36
C1209,49,47,976.7,3825.41
C1210,37,26,1122.76,2432.65
C1211,49,46,5888.24,22571.59
C1212,17,43,6913.26,24772.52
C1213,49,12,4034.05,4034.05
C1214,2,26,4850.98,10510.46
C1215,2,13,6891.08,7465.34
C1216,28,40,272.06,906.87
C1217,23,18,3298.99,4948.48
C1218,37,25,9733.67,20278.48
C1219,32,33,5843.11,16068.55
C1220,33,47,2616.82,10249.21
C1221,1,40,5265.13,17550.43
C1222,19,43,3492.27,12513.97
C1223,2,12,5369.23,5369.23
C1224,44,44,1344.84,4931.08
C1225,26,36,1413.88,4241.64
C1226,32,48,1521.07,6084.28
C1227,6,4,9404.22,3134.74
C1228,32,5,7355.7,3064.88
C1229,4,56,1707.58,7968.71
C1230,11,37,1964.66,6057.7
C1231,17,8,7335.21,4890.14
C1232,38,42,1646.02,5761.07
C1233,24,49,2422.16,9890.49
C1234,5,28,9637.13,22486.64
C1235,34,31,2627.53,6787.79
C1236,6,58,6650.16,32142.44
C1237,22,9,9788.45,7341.34
C1238,11,54,3805.54,17124.93
C1239,48,51,273.41,1161.99
C1240,16,29,2517.06,6082.9
C1241,33,14,8325.68,9713.29
C1242,9,40,8659.63,28865.43
C1243,6,41,7708.34,26336.83
C1244,16,22,1219.79,2236.28
C1245,29,11,7975.55,7310.92
C1246,3,23,9194.91,17623.58
C1247,20,1,6046.03,503.84
C1248,36,46,9414.67,36089.57
C1249,19,37,8285.7,25547.58
C1250,26,21,6703.02,11730.28
C1251,3,26,5814.13,12597.28
C1252,19,46,3550.88,13611.71
C1253,20,36,1676.95,5030.85
C1254,32,54,6089.04,27400.68
C1255,7,23,3249.3,6227.83
C1256,41,57,8677.74,41219.26
C1257,33,1,9934.04,827.84
C1258,40,54,7549.03,33970.64
C1259,39,55,995.77,4563.95
C1260,18,51,2957.99,12571.46
C1261,40,40,1180.19,3933.97
C1262,1,15,6540.07,8175.09
C1263,11,21,7675.39,13431.93
C1264,28,47,9264.18,36284.7
C1265,25,9,4437.91,3328.43
C1266,23,53,9023.62,39854.32
C1267,31,9,8791.12,6593.34
C1268,30,10,3240.24,2700.2
C1269,42,52,8702.12,37709.19
C1270,35,57,3819.16,18141.01
C1271,7,53,3039.01,13422.29
C1272,16,26,6525.84,14139.32
C1273,26,41,3350.97,11449.15
C1274,48,35,6339.07,18488.95
C1275,49,52,6137.33,26595.1
C1276,2,25,5678.05,11829.27
C1277,1,26,3866.16,8376.68
C1278,48,11,5530.15,5069.3
C1279,12,38,6005.21,19016.5
C1280,5,2,5502.3,917.05
C1281,37,7,4499.75,2624.85
C1282,32,18,245.2,367.8
C1283,9,27,5911.91,13301.8
C1284,41,34,1767.6,5008.2
C1285,35,27,6461.5,14538.38
C1286,19,17,7617.51,10791.47
C1287,48,43,5054.41,18111.64
C1288,16,59,5469.4,26891.22
C1289,3,44,9519.64,34905.35
C1290,20,59,8486.96,41727.55
C1291,24,51,9150.94,38891.5
C1292,33,54,8156.29,36703.3
C1293,24,24,1178.29,2356.58
C1294,11,25,1575.02,3281.29
C1295,49,7,5313.58,3099.59
C1296,8,52,2536.09,10989.72
C1297,36,6,4819.29,2409.64
C1298,38,53,4004.22,17685.3
C1299,40,24,5539.2,11078.4
C1300,20,33,7494.07,20608.69
C1301,35,49,7183.36,29332.05
C1302,48,29,5260.22,12712.2
C1303,25,43,8241.69,29532.72
C1304,35,22,4365.53,8003.47
C1305,25,26,8977.47,19451.18
C1306,29,28,805.67,1879.9
C1307,18,50,9551.13,39796.38
C1308,46,21,6581.46,11517.56
C1309,18,49,3862.74,15772.85
C1310,2,7,2051.83,1196.9
C1311,35,17,4843.91,6862.21
C1312,16,20,2026.13,3376.88
C1313,41,41,1746.68,5967.82
C1314,36,49,6211.78,25364.77
C1315,33,20,5278.54,8797.57
C1316,4,54,6733.95,30302.78
C1317,33,22,9303.1,17055.68
C1318,14,28,5369.38,12528.55
C1319,21,40,5851.23,19504.1
C1320,48,49,987.3,4031.47
C1321,20,7,7204.59,4202.68
C1322,8,1,4059.06,338.26
C1323,7,32,9769.58,26052.21
C1324,3,13,8249.42,8936.87
C1325,17,30,5272.56,13181.4
C1326,33,23,1319.9,2529.81
C1327,48,51,8608.22,36584.94
C1328,12,59,8017.83,39421.0
C1329,22,56,1927.39,8994.49
C1330,22,19,3023.26,4786.83
C1331,46,32,7954.73,21212.61
C1332,30,30,1933.76,4834.4
C1333,38,29,9185.75,22198.9
C1334,38,49,4302.82,17569.85
C1335,45,45,961.69,3606.34
C1336,8,29,8175.91,19758.45
C1337,27,30,3797.75,9494.38
C1338,27,16,5312.34,7083.12
C1339,34,40,1211.81,4039.37
C1340,21,19,125.58,198.83
C1341,30,18,6416.05,9624.08
C1342,33,1,5200.23,433.35
C1343,28,14,5976.03,6972.04
C1344,47,51,7958.06,33821.76
C1345,33,47,6501.4,25463.82
C1346,5,50,1830.26,7626.08
C1347,48,2,3671.65,611.94
C1348,19,54,9068.32,40807.44
C1349,4,28,7722.45,18019.05
C1350,35,49,5610.71,22910.4
C1351,49,50,2630.89,10962.04
C1352,17,30,3090.4,7726.0
C1353,44,38,7346.38,23263.54
C1354,28,51,8526.63,36238.18
C1355,30,4,6747.1,2249.03
C1356,29,1,8114.35,676.2
C1357,46,8,7689.9,5126.6
C1358,6,29,1582.07,3823.34
C1359,35,55,4297.05,19694.81
C1360,41,39,1614.54,5247.26
C1361,37,3,2428.83,607.21
C1362,24,32,8705.67,23215.12
C1363,29,10,4781.63,3984.69
C1364,49,10,5400.05,4500.04
C1365,46,19,1866.62,2955.48
C1366,31,46,3191.49,12234.04
C1367,35,34,2379.44,6741.75
C1368,33,33,2141.24,5888.41
C1369,21,23,6415.81,12296.97
C1370,32,55,2643.15,12114.44
C1371,23,28,6356.95,14832.88
C1372,33,32,678.7,1809.87
C1373,3,50,1503.57,6264.88
C1374,18,7,2817.95,1643.8
C1375,25,29,6010.76,14526.0
C1376,42,8,6790.83,4527.22
C1377,31,1,4482.9,373.57
C1378,3,57,4513.33,21438.32
C1379,40,55,7272.72,33333.3
C1380,46,3,256.63,64.16
C1381,24,24,3476.79,6953.58
C1382,32,23,8205.2,15726.63
C1383,47,59,6071.87,29853.36
C1384,22,8,3438.55,2292.37
C1385,23,54,9064.7,40791.15
C1386,2,57,7748.97,36807.61
C1387,27,47,2722.46,10662.97
C1388,42,37,6488.37,20005.81
C1389,2,3,5997.93,1499.48
C1390,26,51,4071.76,17304.98
C1391,17,33,3732.87,10265.39
C1392,40,28,3501.25,8169.58
C1393,33,47,6209.84,24321.87
C1394,9,8,4479.86,2986.57
C1395,43,34,8335.44,23617.08
C1396,48,35,6729.07,19626.45
C1397,39,32,792.32,2112.85
C1398,29,24,6437.67,12875.34
C1399,42,14,2784.36,3248.42
C1400,26,32,5968.84,15916.91
C1401,35,56,6833.31,31888.78
C1402,25,46,2385.21,9143.3
C1403,24,43,4622.9,16565.39
C1404,13,16,1984.22,2645.63
C1405,7,4,618.15,206.05
C1406,36,52,3846.92,16669.99
C1407,45,37,3693.15,11387.21
C1408,20,54,9955.26,44798.67
C1409,1,21,4518.89,7908.06
C1410,8,14,3402.34,3969.4
C1411,46,31,5846.7,15103.98
C1412,16,55,978.8,4486.17
C1413,14,48,9620.49,38481.96
C1414,12,18,6386.1,9579.15
C1415,23,7,7572.89,4417.52
C1416,15,10,1787.73,1489.78
C1417,28,7,4153.83,2423.07
C1418,34,33,4284.62,11782.7
C1419,2,23,8235.88,15785.44
C1420,32,21,112.24,196.42
C1421,23,19,3078.45,4874.21
C1422,22,48,9814.24,39256.96
C1423,25,19,4801.38,7602.18
C1424,22,36,3887.01,11661.03
C1425,22,29,1286.31,3108.58
C1426,49,18,9744.23,14616.34
C1427,42,2,298.26,49.71
C1428,6,1,7398.08,616.51
C1429,15,47,7709.14,30194.13
C1430,43,5,2512.2,1046.75
C1431,37,20,6748.43,11247.38
C1432,33,11,1020.0,935.0
C1433,8,42,2644.77,9256.7
C1434,44,2,7900.23,1316.7
C1435,44,3,8660.39,2165.1
C1436,5,23,6124.02,11737.71
C1437,39,55,5117.7,23456.12
C1438,4,12,1677.11,1677.11
C1439,6,20,724.78,1207.97
C1440,45,5,1264.73,526.97
C1441,32,37,2350.84,7248.42
C1442,30,38,3482.58,11028.17
C1443,47,30,3871.0,9677.5
C1444,35,9,3528.59,2646.44
C1445,40,34,2466.65,6988.84
C1446,16,53,5146.27,22729.36
C1447,13,44,8270.33,30324.54
C1448,42,35,2869.07,8368.12
C1449,30,52,9429.63,40861.73
C1450,19,58,8746.03,42272.48
C1451,17,22,1701.47,3119.36
C1452,19,44,7884.13,28908.48
C1453,28,24,5788.42,11576.84
C1454,26,17,5709.1,8087.89
C1455,37,10,3971.32,3309.43
C1456,26,30,5061.41,12653.52
C1457,23,56,4032.07,18816.33
C1458,9,59,5443.35,26763.14
C1459,12,46,6316.71,24214.06
C1460,1,23,6775.61,12986.59
C1461,1,32,5371.56,14324.16
C1462,47,17,7242.08,10259.61
C1463,34,50,1498.65,6244.38
C1464,32,51,2198.63,9344.18
C1465,48,17,8205.48,11624.43
C1466,25,14,3293.03,3841.87
C1467,40,9,326.65,244.99
C1468,45,40,1622.53,5408.43
C1469,1,2,2313.78,385.63
C1470,16,45,9577.5,35915.62
C1471,39,25,5773.11,12027.31
C1472,5,39,9334.03,30335.6
C1473,22,9,5794.12,4345.59
C1474,29,54,4845.61,21805.24
C1475,3,22,3205.9,5877.48
C1476,12,43,6103.07,21869.33
C1477,26,46,1478.06,5665.9
C1478,16,4,8992.79,2997.6
C1479,37,26,8310.39,18005.84
C1480,22,58,3243.56,15677.21
C1481,29,29,9532.7,23037.36
C1482,14,45,8269.49,31010.59
C1483,28,34,6696.44,18973.25
C1484,5,23,1305.44,2502.09
C1485,47,37,4834.52,14906.44
C1486,49,11,5110.46,4684.59
C1487,30,6,2402.26,1201.13
C1488,46,18,891.66,1337.49
C1489,5,21,7789.56,13631.73
C1490,12,42,1308.15,4578.53
C1491,16,36,5983.48,17950.44
C1492,26,41,9370.85,32017.07
C1493,26,38,8773.44,27782.56
C1494,48,34,2849.75,8074.29
C1495,21,17,8529.34,12083.23
C1496,39,37,103.29,318.48
C1497,36,25,275.11,573.15
C1498,33,38,6065.28,19206.72
C1499,30,58,3711.5,17938.92
C1500,37,12,3925.96,3925.96
C1501,23,23,5687.97,10901.94
C1502,10,53,1998.65,8827.37
C1503,5,42,2196.38,7687.33
C1504,36,22,4897.56,8978.86
C1505,34,21,7567.11,13242.44
C1506,31,27,6233.03,14024.32
C1507,10,57,3043.81,14458.1
C1508,19,31,4360.34,11264.21
C1509,32,6,1789.58,894.79
C1510,1,27,838.84,1887.39
C1511,5,40,7848.69,26162.3
C1512,45,34,2727.34,7727.46
C1513,4,12,1859.89,1859.89
C1514,16,45,6947.02,26051.32
C1515,24,57,6218.71,29538.87
C1516,16,53,6368.58,28127.9
C1517,2,7,2366.06,1380.2
C1518,49,10,2403.19,2002.66
C1519,28,45,2285.95,8572.31
C1520,32,17,1820.15,2578.55
C1521,27,26,6591.66,14281.93
C1522,20,21,8495.36,14866.88
C1523,24,28,7270.74,16965.06
C1524,12,58,7941.73,38385.03
C1525,35,46,4107.5,15745.42
C1526,33,2,6575.35,1095.89
C1527,33,54,3606.94,16231.23
C1528,43,43,5302.5,19000.62
C1529,37,1,4868.18,405.68
C1530,12,51,1851.18,7867.52
C1531,3,53,3932.08,17366.69
C1532,1,36,9641.84,28925.52
C1533,33,51,2560.94,10884.0
C1534,40,26,1424.66,3086.76
C1535,10,29,4243.95,10256.21
C1536,43,21,7924.34,13867.6
C1537,44,11,5863.27,5374.66
C1538,29,40,6841.65,22805.5
C1539,13,11,1977.98,1813.15
C1540,12,36,6227.59,18682.77
C1541,31,49,3302.65,13485.82
C1542,46,59,8359.6,41101.37
C1543,2,39,6330.06,20572.7
C1544,35,40,2068.68,6895.6
C1545,23,35,739.71,2157.49
C1546,17,54,522.07,2349.32
C1547,26,34,3776.94,10701.33
C1548,8,55,2731.93,12521.35
C1549,29,47,6496.29,25443.8
C1550,26,24,5043.4,10086.8
C1551,10,54,2733.59,12301.16
C1552,26,22,1577.45,2891.99
C1553,34,5,1359.28,566.37
C1554,41,56,8660.14,40413.99
C1555,7,33,2510.43,6903.68
C1556,4,58,6551.94,31667.71
C1557,45,36,8125.79,24377.37
C1558,11,47,6179.4,24202.65
C1559,29,20,8609.7,14349.5
C1560,36,19,3984.7,6309.11
C1561,25,35,9566.6,27902.58
C1562,21,52,1418.14,6145.27
C1563,36,43,1111.28,3982.09
C1564,10,17,6621.05,9379.82
C1565,37,59,9434.03,46383.98
C1566,9,45,8107.95,30404.81
C1567,24,43,856.53,3069.23
C1568,35,34,2865.74,8119.6
C1569,49,9,9310.16,6982.62
C1570,35,26,2605.28,5644.77
C1571,48,2,7833.59,1305.6
C1572,36,53,8268.81,36520.58
C1573,18,9,5004.98,3753.73
C1574,49,9,3924.85,2943.64
C1575,39,40,4556.23,15187.43
C1576,32,17,2346.95,3324.85
C1577,24,1,8904.97,742.08
C1578,23,25,4561.13,9502.35
C1579,32,43,8836.35,31663.59
C1580,37,40,1146.37,3821.23
C1581,12,42,9883.93,34593.76
C1582,49,25,4488.4,9350.83
C1583,13,39,573.53,1863.97
C1584,23,35,476.42,1389.56
C1585,25,3,7487.45,1871.86
C1586,35,50,6624.45,27601.88
C1587,41,37,8041.09,24793.36
C1588,30,44,1143.14,4191.51
C1589,17,44,452.15,1657.88
C1590,49,51,5134.93,21823.45
C1591,20,30,3937.19,9842.98
C1592,48,38,4673.27,14798.69
C1593,25,34,9916.73,28097.4
C1594,22,12,9710.42,9710.42
C1595,13,19,9428.92,14929.12
C1596,19,37,7860.04,24235.12
C1597,49,44,3612.93,13247.41
C1598,36,59,4180.1,20552.16
C1599,12,59,5541.2,27244.23
C1600,41,49,8322.29,33982.68
C1601,19,17,780.26,1105.37
C1602,12,10,4300.54,3583.78
C1603,9,57,917.91,4360.07
C1604,7,55,5195.11,23810.92
C1605,28,49,8999.12,36746.41
C1606,14,47,7846.6,30732.52
C1607,31,12,2355.64,2355.64
C1608,19,16,9762.31,13016.41
C1609,47,24,6706.77,13413.54
C1610,16,19,203.23,321.78
C1611,5,8,2628.59,1752.39
C1612,35,31,2681.06,6926.07
C1613,12,21,785.62,1374.84
C1614,25,17,9602.28,13603.23
C1615,21,23,4834.73,9266.57
C1616,36,37,8968.56,27653.06
C1617,23,54,3289.93,14804.68
C1618,16,16,1339.81,1786.41
C1619,39,6,4795.93,2397.96
C1620,45,8,1228.17,818.78
C1621,42,25,4911.55,10232.4
C1622,39,18,9210.94,13816.41
C1623,14,25,5255.6,10949.17
C1624,31,12,6203.35,6203.35
C1625,5,15,1650.72,2063.4
C1626,35,59,532.98,2620.48
C1627,23,26,1197.0,2593.5
C1628,29,41,6025.46,20586.99
C1629,43,45,1040.62,3902.32
C1630,11,26,3822.33,8281.72
C1631,18,47,5545.91,21721.48
C1632,47,32,3947.66,10527.09
C1633,12,10,1720.47,1433.72
C1634,9,16,2810.53,3747.37
C1635,10,7,9290.34,5419.37
C1636,44,17,6792.22,9622.31
C1637,17,23,5010.87,9604.17
C1638,38,26,225.88,489.41
C1639,7,21,9924.91,17368.59
C1640,46,22,6747.4,12370.23
C1641,13,58,3237.53,15648.06
C1642,40,7,8804.76,5136.11
C1643,42,14,2658.47,3101.55
C1644,9,15,5485.76,6857.2
C1645,27,53,6397.1,28253.86
C1646,2,7,2288.53,1334.98
C1647,5,9,9786.13,7339.6
C1648,29,51,7507.1,31905.18
C1649,37,48,5622.35,22489.4
C1650,38,8,1887.89,1258.59
C1651,19,50,633.2,2638.33
C1652,8,59,3268.59,16070.57
C1653,48,23,7556.55,14483.39
C1654,45,29,2766.38,6685.42
C1655,1,18,5441.61,8162.41
C1656,22,31,7306.68,18875.59
C1657,17,30,1168.64,2921.6
C1658,7,52,6884.45,29832.62
C1659,25,39,1009.52,3280.94
C1660,45,35,9654.78,28159.78
C1661,4,18,4935.1,7402.65
C1662,36,59,1591.69,7825.81
C1663,6,42,3489.6,12213.6
C1664,31,39,4192.82,13626.66
C1665,19,17,7606.03,10775.21
C1666,44,14,7459.9,8703.22
C1667,39,31,6158.21,15908.71
C1668,27,24,1148.71,2297.42
C1669,10,35,1600.54,4668.24
C1670,26,44,1028.19,3770.03
C1671,19,45,5814.01,21802.54
C1672,39,34,8783.67,24887.06
C1673,3,3,4394.63,1098.66
C1674,45,37,1692.4,5218.23
C1675,13,43,5624.62,20154.89
C1676,28,40,8136.35,27121.17
C1677,20,26,7442.95,16126.39
C1678,28,55,8826.36,40454.15
C1679,8,23,2851.23,5464.86
C1680,41,44,2020.14,7407.18
C1681,39,39,8810.18,28633.08
C1682,1,15,6609.85,8262.31
C1683,3,56,3178.2,14831.6
C1684,13,49,7449.25,30417.77
C1685,28,4,8169.67,2723.22
C1686,49,29,6188.28,14955.01
C1687,25,22,6910.05,12668.42
C1688,33,25,3815.07,7948.06
C1689,38,13,5433.09,5885.85
C1690,6,18,5289.18,7933.77
C1691,44,33,8495.67,23363.09
C1692,45,16,8415.64,11220.85
C1693,32,45,8343.54,31288.28
C1694,45,42,209.21,732.24
C1695,47,44,7520.5,27575.17
C1696,21,2,7610.9,1268.48
C1697,16,55,6815.95,31239.77
C1698,21,35,7587.02,22128.81
C1699,11,42,8435.51,29524.28
C1700,37,34,4756.16,13475.79
C1701,36,30,5070.3,12675.75
C1702,35,59,1334.67,6562.13
C1703,19,55,3915.22,17944.76
C1704,20,13,6469.32,7008.43
C1705,18,13,7825.96,8478.12
C1706,47,18,2250.37,3375.56
C1707,41,32,1464.45,3905.2
C1708,49,32,6664.12,17770.99
C1709,14,35,118.61,345.95
C1710,15,59,1865.89,9173.96
C1711,31,39,387.81,1260.38
C1712,1,46,1752.16,6716.61
C1713,3,52,1895.06,8211.93
C1714,16,29,3937.97,9516.76
C1715,23,49,4083.04,16672.41
C1716,11,29,8755.2,21158.4
C1717,12,53,5150.09,22746.23
C1718,10,44,7261.71,26626.27
C1719,32,57,1130.96,5372.06
C1720,16,16,2331.84,3109.12
C1721,8,56,7059.14,32942.65
C1722,38,44,622.76,2283.45
C1723,12,47,4917.32,19259.5
C1724,24,57,6033.75,28660.31
C1725,28,10,6061.24,5051.03
C1726,8,30,327.03,817.58
C1727,28,25,3288.87,6851.81
C1728,36,39,6401.26,20804.1
C1729,26,20,1575.1,2625.17
C1730,8,5,6984.61,2910.25
C1731,28,1,7484.66,623.72
C1732,28,30,9821.49,24553.72
C1733,37,49,2177.44,8891.21
C1734,41,3,8268.79,2067.2
C1735,36,45,5250.94,19691.02
C1736,27,14,3797.28,4430.16
C1737,17,56,1311.53,6120.47
C1738,9,30,7381.51,18453.78
C1739,33,50,2434.99,10145.79
C1740,20,4,3777.08,1259.03
C1741,13,18,719.17,1078.75
C1742,28,37,8033.53,24770.05
C1743,48,25,7689.23,16019.23
C1744,29,48,7362.8,29451.2
C1745,13,1,3064.49,255.37
C1746,46,53,1817.45,8027.07
C1747,35,46,6411.78,24578.49
C1748,6,15,5012.05,6265.06
C1749,18,9,1864.7,1398.52
C1750,5,15,6890.52,8613.15
C1751,47,49,9912.15,40474.61
C1752,25,57,7497.47,35612.98
C1753,2,24,7425.87,14851.74
C1754,10,4,9508.1,3169.37
C1755,30,12,2109.07,2109.07
C1756,45,59,5698.94,28019.79
C1757,5,58,9798.5,47359.42
C1758,33,37,1736.41,5353.93
C1759,1,37,7032.49,21683.51
C1760,18,43,5899.52,21139.95
C1761,32,6,5906.14,2953.07
C1762,47,39,7006.94,22772.56
C1763,49,56,9303.21,43414.98
C1764,11,46,7847.56,30082.31
C1765,21,24,655.75,1311.5
C1766,26,11,8542.01,7830.18
C1767,25,13,2332.86,2527.26
C1768,22,34,3831.45,10855.78
C1769,27,25,4671.15,9731.56
C1770,49,7,4860.97,2835.57
C1771,13,52,4408.29,19102.59
C1772,33,4,9379.8,3126.6
C1773,34,59,7089.59,34857.15
C1774,41,8,6348.59,4232.39
C1775,35,20,593.44,989.07
C1776,1,29,9048.74,21867.79
C1777,21,54,9102.96,40963.32
C1778,48,53,7824.11,34556.49
C1779,6,51,169.59,720.76
C1780,28,45,667.07,2501.51
C1781,17,46,2329.71,8930.56
C1782,5,10,1400.36,1166.97
C1783,31,43,4048.48,14507.05
C1784,5,34,9233.97,26162.92
C1785,38,57,4773.4,22673.65
C1786,3,26,232.69,504.16
C1787,23,41,2899.18,9905.53
C1788,37,49,541.49,2211.08
C1789,37,58,459.25,2219.71
C1790,10,3,2829.63,707.41
C1791,10,56,2828.56,13199.95
C1792,19,6,7892.55,3946.28
C1793,17,5,9750.86,4062.86
C1794,21,5,3774.95,1572.9
C1795,14,54,4345.98,19556.91
C1796,9,47,8463.42,33148.39
C1797,46,23,2754.58,5279.61
C1798,1,49,1648.18,6730.07
C1799,45,9,8545.59,6409.19
C1800,13,35,560.36,1634.38
C1801,4,20,6235.02,10391.7
C1802,1,58,5663.73,27374.69
C1803,49,49,3524.61,14392.16
C1804,40,59,3220.38,15833.54
C1805,32,42,7741.39,27094.86
C1806,34,35,955.6,2787.17
C1807,28,50,2444.16,10184.0
C1808,31,18,7351.24,11026.86
C1809,8,17,5528.37,7831.86
C1810,39,24,1367.08,2734.16
C1811,26,3,8833.14,2208.28
C1812,34,32,3995.13,10653.68
C1813,3,35,8295.9,24196.37
C1814,12,38,7898.36,25011.47
C1815,1,13,6281.81,6805.29
C1816,44,56,4995.36,23311.68
C1817,5,47,9797.55,38373.74
C1818,30,25,1535.15,3198.23
C1819,30,9,7279.04,5459.28
C1820,17,4,1992.79,664.26
C1821,48,14,3448.8,4023.6
C1822,47,37,3156.12,9731.37
C1823,23,34,9475.66,26847.7
C1824,15,11,9676.83,8870.43
C1825,37,41,1911.85,6532.15
C1826,21,56,318.15,1484.7
C1827,14,3,7228.08,1807.02
C1828,2,59,4238.1,20837.33
C1829,11,28,979.52,2285.55
C1830,39,29,6869.17,16600.49
C1831,38,9,5496.54,4122.4
C1832,34,3,9807.12,2451.78
C1833,38,25,2351.35,4898.65
C1834,34,34,4099.38,11614.91
C1835,18,12,5471.2,5471.2
C1836,30,42,7937.83,27782.4
C1837,15,9,5533.5,4150.12
C1838,27,15,6167.71,7709.64
C1839,34,40,2338.86,7796.2
C1840,38,25,8484.5,17676.04
C1841,33,5,4343.44,1809.77
C1842,24,11,1495.5,1370.88
C1843,15,59,6675.46,32821.01
C1844,30,34,2239.3,6344.68
C1845,42,24,1065.87,2131.74
C1846,17,15,8633.67,10792.09
C1847,5,38,4655.61,14742.76
C1848,29,8,7517.91,5011.94
C1849,4,59,2976.82,14636.03
C1850,10,5,7891.0,3287.92
C1851,17,48,1208.17,4832.68
C1852,10,26,3624.14,7852.3
C1853,17,18,9782.81,14674.22
C1854,20,6,7960.5,3980.25
C1855,24,37,5022.83,15487.06
C1856,5,48,3463.8,13855.2
C1857,34,13,8734.14,9461.98
C1858,6,28,5493.99,12819.31
C1859,2,5,7608.41,3170.17
C1860,13,13,7565.67,8196.14
C1861,43,17,277.66,393.35
C1862,43,50,1349.91,5624.63
C1863,48,40,6630.33,22101.1
C1864,11,45,1700.04,6375.15
C1865,47,32,2629.38,7011.68
C1866,23,29,9471.72,22889.99
C1867,16,51,5645.8,23994.65
C1868,31,58,7532.22,36405.73
C1869,11,3,5624.01,1406.0
C1870,16,56,5569.88,25992.77
C1871,8,40,1032.1,3440.33
C1872,4,34,3502.27,9923.1
C1873,40,40,2896.07,9653.57
C1874,4,27,3968.21,8928.47
C1875,25,13,8003.61,8670.58
C1876,3,45,3782.13,14182.99
C1877,32,33,4571.8,12572.45
C1878,3,6,4034.08,2017.04
C1879,27,24,1024.74,2049.48
C1880,29,19,4466.61,7072.13
C1881,32,16,2036.53,2715.37
C1882,19,40,1948.56,6495.2
C1883,21,28,1030.96,2405.57
C1884,5,33,3631.04,9985.36
C1885,18,59,7599.07,37362.09
C1886,28,59,2836.77,13947.45
C1887,42,48,3192.26,12769.04
C1888,22,41,6462.48,22080.14
C1889,21,13,2038.82,2208.72
C1890,6,43,8979.88,32177.9
C1891,1,45,5249.89,19687.09
C1892,5,25,4531.27,9440.15
C1893,41,53,5622.42,24832.36
C1894,12,42,1743.74,6103.09
C1895,26,36,6173.38,18520.14
C1896,46,27,3694.7,8313.07
C1897,34,38,8982.14,28443.44
C1898,49,7,1771.66,1033.47
C1899,14,5,5119.81,2133.25
C1900,26,43,6021.32,21576.4
C1901,45,45,430.5,1614.38
C1902,27,58,3700.56,17886.04
C1903,9,57,7353.09,34927.18
C1904,26,51,8221.74,34942.39
C1905,47,31,3200.3,8267.44
C1906,22,23,8006.07,15344.97
C1907,47,42,9680.78,33882.73
C1908,30,10,8583.05,7152.54
C1909,43,32,1264.68,3372.48
C1910,48,43,7423.33,26600.27
C1911,17,53,3264.7,14419.09
C1912,26,30,9885.32,24713.3
C1913,36,39,4905.05,15941.41
C1914,1,31,1312.1,3389.59
C1915,8,18,7279.34,10919.01
C1916,49,36,3297.81,9893.43
C1917,35,2,9971.07,1661.84
C1918,15,14,9799.85,11433.16
C1919,47,13,6595.73,7145.37
C1920,22,29,1385.28,3347.76
C1921,14,12,6899.92,6899.92
C1922,26,39,1021.0,3318.25
C1923,28,2,390.71,65.12
C1924,23,32,8247.29,21992.77
C1925,14,13,2176.55,2357.93
C1926,24,46,3852.37,14767.42
C1927,2,27,9737.23,21908.77
C1928,45,49,3434.72,14025.11
C1929,26,41,3035.25,10370.44
C1930,14,17,9190.26,13019.54
C1931,7,40,1196.41,3988.03
C1932,3,31,7619.87,19684.66
C1933,47,34,9881.85,27998.58
C1934,23,24,9022.83,18045.66
C1935,46,45,6551.51,24568.16
C1936,43,35,3209.2,9360.17
C1937,47,48,2617.79,10471.16
C1938,45,6,8210.63,4105.31
C1939,18,19,8810.24,13949.55
C1940,38,30,5301.81,13254.53
C1941,35,7,2518.97,1469.4
C1942,15,10,1218.14,1015.12
C1943,25,41,963.08,3290.52
C1944,37,32,7218.87,19250.32
C1945,28,34,4259.18,12067.68
C1946,10,28,9063.06,21147.14
C1947,39,15,7422.75,9278.44
C1948,17,30,1993.48,4983.7
C1949,39,37,6176.4,19043.9
C1950,22,29,4411.5,10661.12
C1951,26,22,5814.77,10660.41
C1952,44,4,7406.88,2468.96
C1953,25,20,8081.34,13468.9
C1954,17,32,8453.0,22541.33
C1955,13,36,2614.35,7843.05
C1956,20,50,408.04,1700.17
C1957,25,4,7419.02,2473.01
C1958,4,27,1152.8,2593.8
C1959,10,17,3217.7,4558.41
C1960,3,12,137.79,137.79
C1961,41,22,6848.53,12555.64
C1962,45,17,1754.61,2485.7
C1963,18,10,6587.3,5489.42
C1964,47,54,9918.25,44632.12
C1965,36,1,819.44,68.29
C1966,47,22,863.07,1582.3
C1967,22,26,3469.76,7517.81
C1968,34,56,8677.23,40493.74
C1969,47,59,2233.75,10982.6
C1970,8,18,3667.74,5501.61
C1971,40,50,778.2,3242.5
C1972,49,14,7655.24,8931.11
C1973,44,47,4142.23,16223.73
C1974,19,29,7616.56,18406.69
C1975,42,12,9045.72,9045.72
C1976,41,36,2404.36,7213.08
C1977,37,59,8093.22,39791.66
C1978,6,35,685.03,1998.0
C1979,26,52,8998.59,38993.89
C1980,34,12,6542.61,6542.61
C1981,45,7,8754.84,5106.99
C1982,6,29,101.87,246.19
C1983,37,11,1773.9,1626.08
C1984,33,33,3958.62,10886.2
C1985,22,6,3857.08,1928.54
C1986,21,47,2344.63,9183.13
C1987,6,15,3877.96,4847.45
C1988,6,32,1375.6,3668.27
C1989,48,51,4186.34,17791.94
C1990,4,11,8043.31,7373.03
C1991,30,58,4842.79,23406.82
C1992,11,23,278.2,533.22
C1993,30,26,4272.3,9256.65
C1994,31,34,369.03,1045.58
C1995,24,46,9665.81,37052.27
C1996,9,34,1361.79,3858.4
C1997,3,29,7106.11,17173.1
C1998,31,4,9730.49,3243.5
C1999,40,17,8277.79,11726.87
